housing conditions,Room type,	Space per person	,Private bathroom	,Balcony
0.04678791964294264,3,4.1,0,0
0.4537659823538828,4,4.2,0,1
0.5267310094206841,4,8.4,1,0
1.000001,2,10.7,1,1
0.13084759318754197,2,8.4,0,0
0.059067926673124826,8,7.5,0,0
0.11694949279386552,2,7.6,0,0
